{"cameraMode":{"drawMode":0,"name":"Shaded","section":"Shading Mode"},"sceneLighting":false,"audioPlay":false,"sceneViewState":{"m_AlwaysRefresh":false,"showFog":true,"showSkybox":false,"showFlares":true,"showImageEffects":true,"showParticleSystems":true,"showVisualEffectGraphs":true,"m_FxEnabled":true},"in2DMode":false,"pivot":{"x":0.5804851055145264,"y":1.2239311933517457,"z":1.4367235898971558},"rotation":{"x":-0.0630122721195221,"y":-0.9254864454269409,"z":0.17732758820056916,"w":-0.3288359045982361},"size":4.1575422286987309,"orthographic":false}