{"cameraMode":{"drawMode":0,"name":"Shaded","section":"Shading Mode"},"sceneLighting":false,"audioPlay":false,"sceneViewState":{"m_AlwaysRefresh":false,"showFog":true,"showSkybox":false,"showFlares":true,"showImageEffects":true,"showParticleSystems":true,"showVisualEffectGraphs":true,"m_FxEnabled":true},"in2DMode":false,"pivot":{"x":0.07595300674438477,"y":1.8363170623779297,"z":-0.3838920593261719},"rotation":{"x":0.32692793011665347,"y":-0.6447189450263977,"z":0.3558390438556671,"w":0.5923699736595154},"size":4.001952648162842,"orthographic":false}